id,date_period,global_liquidity_tn$,monthly_change_gl,quarterly_change_gl,annual_change_gl,shadow_monetary_base_tn$,monthly_change_smb,annual_change_smb,quarterly_change_smb,monthly_change_gl_smb,quarterly_change_gl_smb,annual_change_gl_smb,monthly_change_gl_%,quarterly_change_gl_%,annual_change_gl_%,monthly_change_smb_%,quarterly_change_smb_%,annual_change_smb_%,monthly_change_gl_smb_%,quarterly_change_gl_smb_%,annual_change_gl_smb_%,collactural_multiplier
1,01/01/2010,89.19,NULL,NULL,NULL,56.38,NULL,NULL,NULL,NULL,NULL,NULL,NULL,NULL,NULL,NULL,NULL,NULL,NULL,NULL,NULL,
2,01/02/2010,88.85,-0.3400000000000034,NULL,NULL,65.84,9.46,NULL,NULL,9.120000000000005,NULL,NULL,0,NULL,NULL,16.77899964526428,NULL,NULL,6.265027134711826,NULL,NULL,
3,01/03/2010,88.24,-0.6099999999999994,NULL,NULL,56.17,-9.670000000000002,NULL,NULL,-10.280000000000001,NULL,NULL,0,NULL,NULL,-14.68712029161604,NULL,NULL,-6.645549162841813,NULL,NULL,
4,01/04/2010,88.22,-0.01999999999999602,NULL,NULL,57.07,0.8999999999999986,NULL,NULL,0.8799999999999955,NULL,NULL,0,NULL,NULL,1.6022787965105902,NULL,NULL,0.6093760819887788,NULL,NULL,
5,01/05/2010,85.59,-2.6299999999999955,NULL,NULL,56.27,-0.7999999999999972,NULL,NULL,-3.4299999999999784,NULL,NULL,-2,NULL,NULL,-1.40178727878044,NULL,NULL,-2.360795650079137,NULL,NULL,
6,01/06/2010,86.20,0.6099999999999994,-2.039999999999992,NULL,56.00,-0.2700000000000031,NULL,-0.1700000000000017,0.339999999999975,-2.210000000000008,NULL,0,-2,NULL,-0.47982939399325236,-0.302652661563115,NULL,0.23967291696036583,-1.5303649331763785,NULL,
7,01/07/2010,88.72,2.519999999999996,NULL,NULL,58.25,2.25,NULL,NULL,4.77000000000001,NULL,NULL,2,NULL,NULL,4.017857142857143,NULL,NULL,3.354430379746843,NULL,NULL,
8,01/08/2010,88.11,-0.6099999999999994,NULL,NULL,58.29,0.03999999999999915,NULL,NULL,-0.5699999999999932,NULL,NULL,0,NULL,NULL,0.06866952789699425,NULL,NULL,-0.3878342518881358,NULL,NULL,
9,01/09/2010,91.22,3.1099999999999994,5.019999999999996,NULL,57.94,-0.3500000000000014,NULL,1.9399999999999977,2.759999999999991,6.960000000000008,NULL,3,5,NULL,-0.6004460456339019,3.46428571428571,NULL,1.885245901639338,4.894514767932495,NULL,
10,01/10/2010,92.79,1.5700000000000074,NULL,NULL,59.52,1.5800000000000054,NULL,NULL,3.1500000000000057,NULL,NULL,1,NULL,NULL,2.7269589230238274,NULL,NULL,2.1118262268704786,NULL,NULL,
11,01/11/2010,90.42,-2.3700000000000045,NULL,NULL,59.43,-0.09000000000000341,NULL,NULL,-2.460000000000008,NULL,NULL,-2,NULL,NULL,-0.15120967741936056,NULL,NULL,-1.6151270435296485,NULL,NULL,
12,01/12/2010,92.25,1.8299999999999983,1.0300000000000011,NULL,58.83,-0.6000000000000014,NULL,0.8900000000000006,1.2299999999999898,1.9199999999999875,NULL,2,1,NULL,-1.0095911155981852,1.5360717984121515,NULL,0.820820820820814,1.2872083668543761,NULL,
13,01/01/2011,93.24,0.9899999999999949,NULL,NULL,59.19,0.35999999999999943,NULL,NULL,1.3500000000000227,NULL,NULL,1,NULL,NULL,0.6119326874043846,NULL,NULL,0.8935663224781725,NULL,NULL,
14,01/02/2011,94.18,0.9400000000000119,NULL,NULL,60.29,1.1000000000000014,NULL,NULL,2.039999999999992,NULL,NULL,1,NULL,NULL,1.8584220307484398,NULL,NULL,1.3383192284983219,NULL,NULL,
15,01/03/2011,95.55,1.3699999999999903,3.299999999999997,NULL,61.29,1,NULL,2.460000000000001,2.3700000000000045,5.760000000000019,NULL,1,3,NULL,1.658649859014762,4.1815400305966355,NULL,1.5342785006797466,3.8125496425734844,NULL,
16,01/04/2011,98.63,3.0799999999999983,NULL,NULL,62.55,1.259999999999998,NULL,NULL,4.340000000000003,NULL,NULL,3,NULL,NULL,2.055800293685753,NULL,NULL,2.767151236929357,NULL,NULL,
17,01/05/2011,97.82,-0.8100000000000023,NULL,NULL,62.40,-0.14999999999999858,NULL,NULL,-0.960000000000008,NULL,NULL,0,NULL,NULL,-0.23980815347721596,NULL,NULL,-0.5956073954584985,NULL,NULL,
18,01/06/2011,98.55,0.730000000000004,3,NULL,62.13,-0.269999999999996,NULL,0.8400000000000034,0.46000000000000796,3.8400000000000034,NULL,0,3,NULL,-0.43269230769230127,1.370533529123843,NULL,0.287105230308331,2.448355011476666,NULL,
19,01/07/2011,99.38,0.8299999999999983,NULL,NULL,63.14,1.009999999999998,NULL,NULL,1.839999999999975,NULL,NULL,0,NULL,NULL,1.625623692258165,NULL,NULL,1.1451331839681198,NULL,NULL,
20,01/08/2011,100.14,0.7600000000000051,NULL,NULL,63.43,0.28999999999999915,NULL,NULL,1.0500000000000114,NULL,NULL,0,NULL,NULL,0.45929680076021406,NULL,NULL,0.6460743293133223,NULL,NULL,
21,01/09/2011,97.40,-2.739999999999995,-1.1499999999999915,NULL,62.59,-0.8399999999999963,NULL,0.46000000000000085,-3.579999999999984,-0.6899999999999977,NULL,-2,-1,NULL,-1.3242944978716638,0.7403830677611473,NULL,-2.1886654031912847,-0.4294249439880493,NULL,
22,01/10/2011,99.81,2.4099999999999966,NULL,NULL,63.67,1.0799999999999983,NULL,NULL,3.490000000000009,NULL,NULL,2,NULL,NULL,1.725515258028436,NULL,NULL,2.181386336646046,NULL,NULL,
23,01/11/2011,98.91,-0.9000000000000057,NULL,NULL,62.64,-1.0300000000000011,NULL,NULL,-1.9300000000000068,NULL,NULL,0,NULL,NULL,-1.6177163499293248,NULL,NULL,-1.1805725471005668,NULL,NULL,
24,01/12/2011,98.21,-0.7000000000000028,0.8099999999999881,5.959999999999994,63.31,0.6700000000000017,4.480000000000004,0.7199999999999989,-0.03000000000002956,1.5299999999999727,10.439999999999998,0,0,6,1.0696040868454688,1.1503435053522908,7.615162332143472,-0.018570102135580042,0.956309769360568,6.910246227164415,
25,01/01/2012,99.59,1.3800000000000097,NULL,NULL,64.18,0.8700000000000045,NULL,NULL,2.2500000000000284,NULL,NULL,1,NULL,NULL,1.3741904912336196,NULL,NULL,1.3930163447251291,NULL,NULL,
26,01/02/2012,100.57,0.9799999999999898,NULL,NULL,62.83,-1.3500000000000085,NULL,NULL,-0.37000000000003297,NULL,NULL,0,NULL,NULL,-2.103459021502039,NULL,NULL,-0.22592660438421744,NULL,NULL,
27,01/03/2012,101.01,0.44000000000001194,2.8000000000000114,NULL,64.26,1.4300000000000068,NULL,0.9500000000000028,1.870000000000033,3.7500000000000284,NULL,0,2,NULL,2.2759828107592024,1.5005528352550983,NULL,1.1444308445532638,2.3216939078752037,NULL,
28,01/04/2012,101.45,0.4399999999999977,NULL,NULL,64.43,0.1700000000000017,NULL,NULL,0.6099999999999852,NULL,NULL,0,NULL,NULL,0.2645502645502672,NULL,NULL,0.36909299933441353,NULL,NULL,
29,01/05/2012,98.36,-3.0900000000000034,NULL,NULL,63.73,-0.70000000000001,NULL,NULL,-3.789999999999992,NULL,NULL,-3,NULL,NULL,-1.0864504112990996,NULL,NULL,-2.2847841813359007,NULL,NULL,
30,01/06/2012,99.79,1.4300000000000068,-1.2199999999999989,NULL,63.98,0.25,NULL,-0.28000000000000824,1.6800000000000068,-1.5,NULL,1,-1,NULL,0.39227993095873215,-0.43572984749456617,NULL,1.0364612252452383,-0.9076057360682519,NULL,
31,01/07/2012,99.46,-0.3300000000000125,NULL,NULL,64.31,0.3300000000000054,NULL,NULL,-0.00000000000002842170943040401,NULL,NULL,0,NULL,NULL,0.5157861831822529,NULL,NULL,-0.000000000000017354649465960802,NULL,NULL,
32,01/08/2012,100.46,1,NULL,NULL,65.11,0.7999999999999972,NULL,NULL,1.8000000000000114,NULL,NULL,1,NULL,NULL,1.2439744985227759,NULL,NULL,1.0991023997069131,NULL,NULL,
33,01/09/2012,102.04,1.5800000000000125,2.25,NULL,65.62,0.5100000000000051,NULL,1.6400000000000077,2.090000000000032,3.890000000000015,NULL,1,2,NULL,0.7832898172323839,2.5633010315723785,NULL,1.2623059733043618,2.3752824082554893,NULL,
34,01/10/2012,102.36,0.3199999999999932,NULL,NULL,65.42,-0.20000000000000284,NULL,NULL,0.11999999999997613,NULL,NULL,0,NULL,NULL,-0.3047851264858318,NULL,NULL,0.07157342240246696,NULL,NULL,
35,01/11/2012,102.55,0.18999999999999773,NULL,NULL,65.27,-0.15000000000000568,NULL,NULL,0.03999999999999204,NULL,NULL,0,NULL,NULL,-0.22928767960869104,NULL,NULL,0.023840743831202788,NULL,NULL,
36,01/12/2012,103.35,0.7999999999999972,1.309999999999988,5.140000000000001,65.27,0,1.9599999999999937,-0.3500000000000085,0.8000000000000114,0.9599999999999795,7.100000000000023,0,1,5,0,-0.533373971350211,3.095877428526289,0.4767012275056676,0.5725873792198374,4.395740465577033,
37,01/01/2013,103.81,0.46000000000000796,NULL,NULL,63.83,-1.4399999999999977,NULL,NULL,-0.9800000000000182,NULL,NULL,0,NULL,NULL,-2.2062203156120694,NULL,NULL,-0.581188471118502,NULL,NULL,
38,01/02/2013,102.41,-1.4000000000000057,NULL,NULL,64.20,0.37000000000000455,NULL,NULL,-1.0299999999999727,NULL,NULL,-1,NULL,NULL,0.5796647344508923,NULL,NULL,-0.6144118348842595,NULL,NULL,
39,01/03/2013,102.16,-0.25,-1.1899999999999977,NULL,63.22,-0.980000000000004,NULL,-2.049999999999997,-1.2300000000000182,-3.240000000000009,NULL,0,-1,NULL,-1.5264797507788224,-3.1407997548644055,NULL,-0.7382510053418271,-1.9214802514529765,NULL,
40,01/04/2013,102.57,0.4099999999999966,NULL,NULL,64.11,0.8900000000000006,NULL,NULL,1.3000000000000114,NULL,NULL,0,NULL,NULL,1.4077823473584317,NULL,NULL,0.7860684484218233,NULL,NULL,
41,01/05/2013,102.61,0.04000000000000625,NULL,NULL,63.72,-0.39000000000000057,NULL,NULL,-0.35000000000002274,NULL,NULL,0,NULL,NULL,-0.6083294337856817,NULL,NULL,-0.20998320134390613,NULL,NULL,
42,01/06/2013,102.99,0.37999999999999545,0.8299999999999983,NULL,64.19,0.46999999999999886,NULL,0.9699999999999989,0.8500000000000227,1.8000000000000114,NULL,0,0,NULL,0.7376020087884477,1.53432458082885,NULL,0.5110322852161503,1.088402467045599,NULL,
43,01/07/2013,104.01,1.0200000000000102,NULL,NULL,64.30,0.10999999999999943,NULL,NULL,1.1299999999999955,NULL,NULL,0,NULL,NULL,0.17136625642623374,NULL,NULL,0.6759181720301444,NULL,NULL,
44,01/08/2013,104.07,0.05999999999998806,NULL,NULL,64.73,0.4300000000000068,NULL,NULL,0.4900000000000091,NULL,NULL,0,NULL,NULL,0.6687402799378023,NULL,NULL,0.29112946348999413,NULL,NULL,
45,01/09/2013,106.12,2.0500000000000114,3.1300000000000097,NULL,64.04,-0.6899999999999977,NULL,-0.14999999999999147,1.3600000000000136,2.980000000000018,NULL,1,3,NULL,-1.0659663216437474,-0.23368125876303392,NULL,0.8056872037914772,1.7825098696016377,NULL,
46,01/10/2013,106.66,0.539999999999992,NULL,NULL,64.98,0.9399999999999977,NULL,NULL,1.4799999999999613,NULL,NULL,0,NULL,NULL,1.4678326046221075,NULL,NULL,0.8697696285848384,NULL,NULL,
47,01/11/2013,106.73,0.07000000000000739,NULL,NULL,64.62,-0.35999999999999943,NULL,NULL,-0.2899999999999636,NULL,NULL,0,NULL,NULL,-0.5540166204986141,NULL,NULL,-0.16895828478208091,NULL,NULL,
48,01/12/2013,107.11,0.37999999999999545,0.9899999999999949,3.760000000000005,64.43,-0.18999999999999773,-0.8399999999999892,0.39000000000000057,0.18999999999999773,1.3799999999999955,2.920000000000016,0,0,3,-0.2940266171463908,0.60899437851343,-1.2869618507736929,0.11088415523781599,0.8110014104372327,1.7317044241489836,
49,01/01/2014,106.93,-0.1799999999999926,NULL,NULL,64.82,0.38999999999998636,NULL,NULL,0.20999999999997954,NULL,NULL,0,NULL,NULL,0.6053080862951828,NULL,NULL,0.12242042672261835,NULL,NULL,
50,01/02/2014,108.11,1.1799999999999926,NULL,NULL,65.56,0.7400000000000091,NULL,NULL,1.920000000000016,NULL,NULL,1,NULL,NULL,1.1416229558778297,NULL,NULL,1.1179039301310136,NULL,NULL,
51,01/03/2014,108.45,0.3400000000000034,1.3400000000000034,NULL,65.60,0.03999999999999204,NULL,1.1699999999999875,0.37999999999999545,2.509999999999991,NULL,0,1,NULL,0.061012812690652896,1.8159242588855928,NULL,0.21880578107905535,1.463215576541909,NULL,
52,01/04/2014,108.47,0.01999999999999602,NULL,NULL,66.08,0.480000000000004,NULL,NULL,0.5,NULL,NULL,0,NULL,NULL,0.7317073170731768,NULL,NULL,0.28727377190462505,NULL,NULL,
53,01/05/2014,109.45,0.980000000000004,NULL,NULL,68.18,2.1000000000000085,NULL,NULL,3.079999999999984,NULL,NULL,0,NULL,NULL,3.177966101694928,NULL,NULL,1.7645373818390053,NULL,NULL,
54,01/06/2014,110.34,0.8900000000000006,1.8900000000000006,NULL,66.29,-1.8900000000000006,NULL,0.6900000000000119,-1,2.579999999999984,NULL,0,1,NULL,-2.772073921971253,1.0518292682927013,NULL,-0.5629679671226707,1.4823326630278564,NULL,
55,01/07/2014,109.59,-0.75,NULL,NULL,65.89,-0.4000000000000057,NULL,NULL,-1.1499999999999773,NULL,NULL,0,NULL,NULL,-0.6034092623321853,NULL,NULL,-0.6510785257317427,NULL,NULL,
56,01/08/2014,109.22,-0.37000000000000455,NULL,NULL,66.72,0.8299999999999983,NULL,NULL,0.45999999999997954,NULL,NULL,0,NULL,NULL,1.2596752162695375,NULL,NULL,0.2621381354000339,NULL,NULL,
57,01/09/2014,107.34,-1.8799999999999955,-3,NULL,65.21,-1.5100000000000051,NULL,-1.0800000000000125,-3.3899999999999864,-4.079999999999984,NULL,-1,-2,NULL,-2.263189448441255,-1.629205008296896,NULL,-1.9267932249630477,-2.309913378248307,NULL,
58,01/10/2014,107.00,-0.3400000000000034,NULL,NULL,64.77,-0.4399999999999977,NULL,NULL,-0.7800000000000296,NULL,NULL,0,NULL,NULL,-0.6747431375555862,NULL,NULL,-0.45204288611998233,NULL,NULL,
59,01/11/2014,106.42,-0.5799999999999983,NULL,NULL,63.69,-1.0799999999999983,NULL,NULL,-1.6599999999999682,NULL,NULL,0,NULL,NULL,-1.6674386289949026,NULL,NULL,-0.9664085695988638,NULL,NULL,
60,01/12/2014,106.07,-0.3500000000000085,-1.2700000000000102,-1.0400000000000063,64.00,0.3100000000000023,-0.4300000000000068,-1.2099999999999937,-0.040000000000020464,-2.480000000000018,-1.4700000000000273,0,-1,0,0.48673261108494625,-1.8555436282778621,-0.6673909669408766,-0.023514196696267392,-1.437264560996823,-0.8569429870584279,
61,01/01/2015,104.20,-1.8699999999999903,NULL,NULL,63.31,-0.6899999999999977,NULL,NULL,-2.5600000000000023,NULL,NULL,-1,NULL,NULL,-1.0781249999999964,NULL,NULL,-1.5052625389545495,NULL,NULL,
62,01/02/2015,104.56,0.35999999999999943,NULL,NULL,63.69,0.37999999999999545,NULL,NULL,0.7400000000000091,NULL,NULL,0,NULL,NULL,0.6002211341020304,NULL,NULL,0.4417646707659299,NULL,NULL,
63,01/03/2015,103.89,-0.6700000000000017,-2.1799999999999926,NULL,63.65,-0.03999999999999915,NULL,-0.3500000000000014,-0.710000000000008,-2.530000000000001,NULL,0,-2,NULL,-0.06280420788192675,-0.5468750000000022,NULL,-0.4219910846953985,-1.4876227435761753,NULL,
64,01/04/2015,106.27,2.3799999999999955,NULL,NULL,64.24,0.5899999999999963,NULL,NULL,2.969999999999999,NULL,NULL,2,NULL,NULL,0.9269442262372292,NULL,NULL,1.7727109943893988,NULL,NULL,
65,01/05/2015,105.59,-0.6799999999999926,NULL,NULL,63.31,-0.9299999999999926,NULL,NULL,-1.6099999999999852,NULL,NULL,0,NULL,NULL,-1.44769613947695,NULL,NULL,-0.9442261450941208,NULL,NULL,
66,01/06/2015,106.47,0.8799999999999955,2.5799999999999983,NULL,64.18,0.8700000000000045,NULL,0.5300000000000082,1.75,3.1100000000000136,NULL,0,2,NULL,1.3741904912336196,0.8326787117046477,NULL,1.0361160449970395,1.8562731288050698,NULL,
67,01/07/2015,106.58,0.10999999999999943,NULL,NULL,64.97,0.789999999999992,NULL,NULL,0.9000000000000057,NULL,NULL,0,NULL,NULL,1.2309130570270987,NULL,NULL,0.5273952534427223,NULL,NULL,
68,01/08/2015,106.04,-0.539999999999992,NULL,NULL,65.54,0.5700000000000074,NULL,NULL,0.030000000000001137,NULL,NULL,0,NULL,NULL,0.8773279975373364,NULL,NULL,0.01748761294083424,NULL,NULL,
69,01/09/2015,105.68,-0.35999999999999943,-0.789999999999992,NULL,64.75,-0.7900000000000063,NULL,0.5699999999999932,-1.1500000000000057,-0.21999999999999886,NULL,0,0,NULL,-1.2053707659444708,0.8881271424119557,NULL,-0.670241286863274,-0.12891883973044177,NULL,
70,01/10/2015,106.37,0.6899999999999977,NULL,NULL,65.68,0.9300000000000068,NULL,NULL,1.6200000000000045,NULL,NULL,0,NULL,NULL,1.4362934362934467,NULL,NULL,0.9505368773103352,NULL,NULL,
71,01/11/2015,105.27,-1.1000000000000085,NULL,NULL,64.56,-1.1200000000000045,NULL,NULL,-2.2200000000000273,NULL,NULL,-1,NULL,NULL,-1.7052375152253416,NULL,NULL,-1.290322580645177,NULL,NULL,
72,01/12/2015,105.99,0.7199999999999989,0.30999999999998806,-0.0799999999999983,65.29,0.730000000000004,1.2900000000000063,0.5400000000000063,1.450000000000017,0.8499999999999943,1.210000000000008,0,0,0,1.1307311028500682,0.8339768339768436,2.0156250000000098,0.8537949714420404,0.4987384850085045,0.7114717469277404,
73,01/01/2016,105.72,-0.269999999999996,NULL,NULL,64.76,-0.5300000000000011,NULL,NULL,-0.799999999999983,NULL,NULL,0,NULL,NULL,-0.8117629039669185,NULL,NULL,-0.4670714619336659,NULL,NULL,
74,01/02/2016,107.13,1.4099999999999966,NULL,NULL,66.00,1.2399999999999949,NULL,NULL,2.6499999999999773,NULL,NULL,1,NULL,NULL,1.9147621988881944,NULL,NULL,1.5544345377756787,NULL,NULL,
75,01/03/2016,109.82,2.6899999999999977,3.8299999999999983,NULL,66.67,0.6700000000000017,NULL,1.3799999999999955,3.3600000000000136,5.210000000000008,NULL,2,3,NULL,1.0151515151515178,2.1136468065553613,NULL,1.9407381736267624,3.0418028958430687,NULL,
76,01/04/2016,111.47,1.6500000000000057,NULL,NULL,68.71,2.039999999999992,NULL,NULL,3.6899999999999977,NULL,NULL,1,NULL,NULL,3.0598470076496054,NULL,NULL,2.090770015298316,NULL,NULL,
77,01/05/2016,110.15,-1.3199999999999932,NULL,NULL,67.63,-1.0799999999999983,NULL,NULL,-2.4000000000000057,NULL,NULL,-1,NULL,NULL,-1.5718236064619393,NULL,NULL,-1.332001332001335,NULL,NULL,
78,01/06/2016,110.89,0.7399999999999949,1.0700000000000074,NULL,69.18,1.5500000000000114,NULL,2.510000000000005,2.289999999999992,3.579999999999984,NULL,0,0,NULL,2.29188230075412,3.764811759412037,NULL,1.2881088986387625,2.028443537877491,NULL,
79,01/07/2016,111.19,0.29999999999999716,NULL,NULL,69.66,0.47999999999998977,NULL,NULL,0.7800000000000011,NULL,NULL,0,NULL,NULL,0.6938421509106529,NULL,NULL,0.43316488032431893,NULL,NULL,
80,01/08/2016,111.77,0.5799999999999983,NULL,NULL,70.05,0.39000000000000057,NULL,NULL,0.9699999999999989,NULL,NULL,0,NULL,NULL,0.5598621877691654,NULL,NULL,0.53635609621233,NULL,NULL,
81,01/09/2016,112.60,0.8299999999999983,1.7099999999999937,NULL,69.53,-0.519999999999996,NULL,0.3499999999999943,0.3100000000000023,2.0600000000000023,NULL,0,1,NULL,-0.7423269093504583,0.5059265683723537,NULL,0.1704982950170511,1.1439995557283291,NULL,
82,01/10/2016,111.55,-1.0499999999999972,NULL,NULL,68.49,-1.0400000000000063,NULL,NULL,-2.0900000000000034,NULL,NULL,0,NULL,NULL,-1.4957572270962263,NULL,NULL,-1.1475319826497576,NULL,NULL,
83,01/11/2016,109.92,-1.6299999999999955,NULL,NULL,67.03,-1.4599999999999937,NULL,NULL,-3.0900000000000034,NULL,NULL,-1,NULL,NULL,-2.131698058110664,NULL,NULL,-1.716285269940015,NULL,NULL,
84,01/12/2016,109.46,-0.46000000000000796,-3.1400000000000006,3.469999999999999,66.40,-0.6299999999999955,1.1099999999999994,-3.1299999999999955,-1.089999999999975,-6.269999999999982,4.5800000000000125,0,-2,3,-0.9398776667163887,-4.501653962318417,1.7001072139684474,-0.6159932184232694,-3.442595947949257,2.6739841195703016,
85,01/01/2017,111.94,2.480000000000004,NULL,NULL,67.37,0.9699999999999989,NULL,NULL,3.4499999999999886,NULL,NULL,2,NULL,NULL,1.460843373493974,NULL,NULL,1.961787785738649,NULL,NULL,
86,01/02/2017,112.42,0.480000000000004,NULL,NULL,68.03,0.6599999999999966,NULL,NULL,1.1399999999999864,NULL,NULL,0,NULL,NULL,0.9796645391123595,NULL,NULL,0.6357704534047105,NULL,NULL,
87,01/03/2017,113.75,1.3299999999999983,4.290000000000006,NULL,69.14,1.1099999999999994,NULL,2.739999999999995,2.4399999999999977,7.029999999999973,NULL,1,3,NULL,1.6316331030427744,4.126506024096377,NULL,1.3521751177611514,3.9974980097804917,NULL,
88,01/04/2017,115.20,1.4500000000000028,NULL,NULL,69.87,0.730000000000004,NULL,NULL,2.180000000000007,NULL,NULL,1,NULL,NULL,1.0558287532542725,NULL,NULL,1.1919733172945524,NULL,NULL,
89,01/05/2017,116.70,1.5,NULL,NULL,70.69,0.8199999999999932,NULL,NULL,2.319999999999993,NULL,NULL,1,NULL,NULL,1.1736081293831302,NULL,NULL,1.2535797265899353,NULL,NULL,
90,01/06/2017,117.96,1.259999999999991,4.209999999999994,NULL,71.26,0.5700000000000074,NULL,2.1200000000000045,1.8300000000000125,6.3300000000000125,NULL,1,3,NULL,0.8063375300608395,3.0662424067110274,NULL,0.9765729227813719,3.4610968341626185,NULL,
91,01/07/2017,120.41,2.450000000000003,NULL,NULL,71.38,0.11999999999999034,NULL,NULL,2.569999999999993,NULL,NULL,2,NULL,NULL,0.16839741790624518,NULL,NULL,1.3582073776556354,NULL,NULL,
92,01/08/2017,121.74,1.3299999999999983,NULL,NULL,71.69,0.3100000000000023,NULL,NULL,1.6400000000000148,NULL,NULL,1,NULL,NULL,0.4342953208181595,NULL,NULL,0.8551019344074324,NULL,NULL,
93,01/09/2017,112.43,-9.309999999999988,-5.529999999999987,NULL,72.32,0.6299999999999955,NULL,1.059999999999988,-8.680000000000007,-4.469999999999999,NULL,-7,-4,NULL,0.8787836518342801,1.4875105248386022,NULL,-4.487411466680456,-2.362329563471091,NULL,
94,01/10/2017,122.48,10.049999999999997,NULL,NULL,72.56,0.2400000000000091,NULL,NULL,10.29000000000002,NULL,NULL,8,NULL,NULL,0.33185840707965863,NULL,NULL,5.569688768606236,NULL,NULL,
95,01/11/2017,124.14,1.6599999999999966,NULL,NULL,72.60,0.03999999999999204,NULL,NULL,1.6999999999999886,NULL,NULL,1,NULL,NULL,0.0551267916207167,NULL,NULL,0.8716160787530705,NULL,NULL,
96,01/12/2017,124.34,0.20000000000000284,11.909999999999997,14.88000000000001,72.46,-0.14000000000000057,6.059999999999988,0.14000000000000057,0.060000000000002274,12.050000000000011,20.939999999999998,0,10,13,-0.19283746556473907,0.19358407079646098,9.126506024096367,0.030497102775237508,6.522327469553457,11.907198908222448,
97,01/01/2018,128.19,3.8499999999999943,NULL,NULL,74.28,1.8200000000000074,NULL,NULL,5.6699999999999875,NULL,NULL,3,NULL,NULL,2.51173060999173,NULL,NULL,2.8810975609756033,NULL,NULL,
98,01/02/2018,128.46,0.27000000000001023,NULL,NULL,74.87,0.5900000000000034,NULL,NULL,0.8600000000000136,NULL,NULL,0,NULL,NULL,0.7942918686052819,NULL,NULL,0.4247542845853774,NULL,NULL,
99,01/03/2018,128.79,0.3299999999999841,4.449999999999989,NULL,75.03,0.1599999999999966,NULL,2.5700000000000074,0.4899999999999807,7.019999999999982,NULL,0,3,NULL,0.2137037531721605,3.546784432790515,NULL,0.24098755717305886,3.567073170731698,NULL,
100,01/04/2018,128.53,-0.2599999999999909,NULL,NULL,74.81,-0.21999999999999886,NULL,NULL,-0.47999999999998977,NULL,NULL,0,NULL,NULL,-0.293216046914566,NULL,NULL,-0.23550191345304178,NULL,NULL,
101,01/05/2018,127.11,-1.4200000000000017,NULL,NULL,74.98,0.1700000000000017,NULL,NULL,-1.25,NULL,NULL,-1,NULL,NULL,0.2272423472797777,NULL,NULL,-0.614733943149405,NULL,NULL,
102,01/06/2018,126.21,-0.9000000000000057,-2.5799999999999983,NULL,74.56,-0.4200000000000017,NULL,-0.46999999999999886,-1.3200000000000216,-3.0500000000000114,NULL,0,-2,NULL,-0.5601493731661799,-0.6264161002265745,NULL,-0.6531743282695935,-1.496418408399574,NULL,
103,01/07/2018,125.81,-0.3999999999999915,NULL,NULL,74.48,-0.0799999999999983,NULL,NULL,-0.47999999999996135,NULL,NULL,0,NULL,NULL,-0.1072961373390535,NULL,NULL,-0.2390795437565181,NULL,NULL,
104,01/08/2018,125.04,-0.769999999999996,NULL,NULL,74.77,0.28999999999999204,NULL,NULL,-0.4800000000000182,NULL,NULL,0,NULL,NULL,0.3893662728249087,NULL,NULL,-0.23965250386939843,NULL,NULL,
105,01/09/2018,124.96,-0.0800000000000125,-1.25,NULL,74.54,-0.22999999999998977,NULL,-0.01999999999999602,-0.3100000000000023,-1.2699999999999818,NULL,0,0,NULL,-0.3076100040122907,-0.02682403433475861,NULL,-0.1551473900205206,-0.6325646261891628,NULL,
106,01/10/2018,124.08,-0.8799999999999955,NULL,NULL,74.74,0.19999999999998863,NULL,NULL,-0.6800000000000068,NULL,NULL,0,NULL,NULL,0.2683123155352678,NULL,NULL,-0.34085213032581796,NULL,NULL,
107,01/11/2018,124.66,0.5799999999999983,NULL,NULL,74.02,-0.7199999999999989,NULL,NULL,-0.13999999999998636,NULL,NULL,0,NULL,NULL,-0.9633395772009619,NULL,NULL,-0.0704154511618481,NULL,NULL,
108,01/12/2018,125.54,0.8800000000000097,0.5800000000000125,1.2000000000000028,74.40,0.38000000000000966,1.940000000000012,-0.14000000000000057,1.259999999999991,0.4399999999999977,3.1399999999999864,0,0,0,0.5133747635774246,-0.1878186208746989,2.6773392216395417,0.6341856251258259,0.22055137844611417,1.5955284552845457,
109,01/01/2019,127.50,1.9599999999999937,NULL,NULL,75.05,0.6499999999999915,NULL,NULL,2.6100000000000136,NULL,NULL,1,NULL,NULL,0.8736559139784831,NULL,NULL,1.3053916174852525,NULL,NULL,
110,01/02/2019,127.78,0.28000000000000114,NULL,NULL,75.04,-0.009999999999990905,NULL,NULL,0.2699999999999818,NULL,NULL,0,NULL,NULL,-0.013324450366410267,NULL,NULL,0.13330041964946027,NULL,NULL,
111,01/03/2019,127.91,0.12999999999999545,2.3699999999999903,NULL,75.01,-0.030000000000001137,NULL,0.6099999999999994,0.10000000000002274,2.980000000000018,NULL,0,1,NULL,-0.039978678038381045,0.8198924731182787,NULL,0.04930480228775404,1.4904471341402512,NULL,
112,01/04/2019,128.43,0.5200000000000102,NULL,NULL,74.80,-0.21000000000000796,NULL,NULL,0.3100000000000023,NULL,NULL,0,NULL,NULL,-0.2799626716437914,NULL,NULL,0.15276956436034017,NULL,NULL,
113,01/05/2019,128.02,-0.4099999999999966,NULL,NULL,75.37,0.5700000000000074,NULL,NULL,0.1599999999999966,NULL,NULL,0,NULL,NULL,0.7620320855615073,NULL,NULL,0.07872853417310269,NULL,NULL,
114,01/06/2019,129.30,1.2800000000000011,1.3900000000000148,NULL,76.04,0.6700000000000017,NULL,1.0300000000000011,1.950000000000017,2.420000000000016,NULL,0,1,NULL,0.8889478572376298,1.3731502466337835,NULL,0.9587492010423408,1.1925882121032996,NULL,
115,01/07/2019,129.08,-0.21999999999999886,NULL,NULL,75.18,-0.8599999999999994,NULL,NULL,-1.0800000000000125,NULL,NULL,0,NULL,NULL,-1.1309836927932657,NULL,NULL,-0.5259569494496993,NULL,NULL,
116,01/08/2019,128.30,-0.7800000000000011,NULL,NULL,75.61,0.4299999999999926,NULL,NULL,-0.3499999999999943,NULL,NULL,0,NULL,NULL,0.5719606278265397,NULL,NULL,-0.17135023989033304,NULL,NULL,
117,01/09/2019,128.01,-0.29000000000002046,-1.2900000000000205,NULL,75.32,-0.29000000000000625,NULL,-0.7200000000000131,-0.5800000000000409,-2.0100000000000477,NULL,0,0,NULL,-0.383547149847912,-0.9468700683850776,NULL,-0.28443921337847133,-0.9788643225869521,NULL,
118,01/10/2019,129.94,1.9300000000000068,NULL,NULL,76.12,0.8000000000000114,NULL,NULL,2.730000000000018,NULL,NULL,1,NULL,NULL,1.0621348911311888,NULL,NULL,1.3426449613928189,NULL,NULL,
119,01/11/2019,130.39,0.44999999999998863,NULL,NULL,76.31,0.18999999999999773,NULL,NULL,0.6399999999999864,NULL,NULL,0,NULL,NULL,0.24960588544403273,NULL,NULL,0.3105891487916075,NULL,NULL,
120,01/12/2019,131.58,1.1900000000000261,3.5700000000000216,6.040000000000006,76.92,0.6099999999999994,2.519999999999996,1.6000000000000085,1.8000000000000114,5.170000000000016,8.560000000000002,0,2,4,0.7993709867645125,2.124269782262359,3.3870967741935423,0.8708272859216311,2.5426646338464645,4.281284385315596,
121,01/01/2020,132.33,0.75,NULL,NULL,77.20,0.28000000000000114,NULL,NULL,1.0300000000000296,NULL,NULL,0,NULL,NULL,0.36401456058242476,NULL,NULL,0.4940047961630837,NULL,NULL,
122,01/02/2020,131.65,-0.6800000000000068,NULL,NULL,77.37,0.1700000000000017,NULL,NULL,-0.5100000000000193,NULL,NULL,0,NULL,NULL,0.22020725388601256,NULL,NULL,-0.24340189948934246,NULL,NULL,
123,01/03/2020,133.44,1.789999999999992,1.8599999999999852,NULL,79.12,1.75,NULL,2.200000000000003,3.539999999999992,4.060000000000002,NULL,1,1,NULL,2.2618586015251387,2.860114404576187,NULL,1.693617835613813,1.9472422062350132,NULL,
124,01/04/2020,136.56,3.1200000000000045,NULL,NULL,81.82,2.6999999999999886,NULL,NULL,5.819999999999993,NULL,NULL,2,NULL,NULL,3.412537917087953,NULL,NULL,2.7380504328189654,NULL,NULL,
125,01/05/2020,138.28,1.7199999999999989,NULL,NULL,84.58,2.760000000000005,NULL,NULL,4.480000000000018,NULL,NULL,1,NULL,NULL,3.3732583720361835,NULL,NULL,2.0514699148273734,NULL,NULL,
126,01/06/2020,140.79,2.509999999999991,7.349999999999994,NULL,85.76,1.1800000000000068,NULL,6.640000000000001,3.6899999999999977,13.990000000000009,NULL,1,5,NULL,1.3951288720737844,8.39231547017189,NULL,1.6557480032307268,6.581671057583745,NULL,
127,01/07/2020,144.61,3.8200000000000216,NULL,NULL,86.09,0.3299999999999983,NULL,NULL,4.150000000000006,NULL,NULL,2,NULL,NULL,0.384794776119401,NULL,NULL,1.831825204149197,NULL,NULL,
128,01/08/2020,146.80,2.1899999999999977,NULL,NULL,88.34,2.25,NULL,NULL,4.439999999999998,NULL,NULL,1,NULL,NULL,2.613543965617377,NULL,NULL,1.9245773732119626,NULL,NULL,
129,01/09/2020,147.57,0.7699999999999818,6.780000000000001,NULL,89.63,1.289999999999992,NULL,3.8699999999999903,2.059999999999974,10.649999999999977,NULL,0,4,NULL,1.460267149649074,4.512593283582078,NULL,0.8760738283575631,4.700949017876838,NULL,
130,01/10/2020,149.29,1.7199999999999989,NULL,NULL,90.50,0.8700000000000045,NULL,NULL,2.5900000000000034,NULL,NULL,1,NULL,NULL,0.9706571460448562,NULL,NULL,1.091905564924116,NULL,NULL,
131,01/11/2020,153.23,3.9399999999999977,NULL,NULL,91.16,0.6599999999999966,NULL,NULL,4.599999999999994,NULL,NULL,2,NULL,NULL,0.7292817679557974,NULL,NULL,1.9183452187330556,NULL,NULL,
132,01/12/2020,155.48,2.25,7.909999999999997,23.899999999999977,92.35,1.1899999999999977,15.429999999999993,2.719999999999999,3.4399999999999977,10.629999999999995,39.329999999999984,1,5,18,1.3053971039929768,3.0346982037264296,20.059802392095673,1.4075862351160022,4.4814502529510944,18.86330935251798,
133,01/01/2021,156.83,1.3500000000000227,NULL,NULL,92.48,0.13000000000000966,NULL,NULL,1.4800000000000182,NULL,NULL,0,NULL,NULL,0.1407688142934593,NULL,NULL,0.5971835532421491,NULL,NULL,
134,01/02/2021,158.17,1.339999999999975,NULL,NULL,92.91,0.4299999999999926,NULL,NULL,1.7699999999999818,NULL,NULL,0,NULL,NULL,0.4649653979238675,NULL,NULL,0.70995948818739,NULL,NULL,
135,01/03/2021,157.81,-0.3599999999999852,2.3300000000000125,NULL,94.13,1.2199999999999989,NULL,1.7800000000000011,0.8600000000000136,4.110000000000014,NULL,0,1,NULL,1.3130986976644052,1.9274499187872238,NULL,0.3425203122510808,1.6583948674494668,NULL,
136,01/04/2021,160.66,2.8499999999999943,NULL,NULL,94.66,0.5300000000000011,NULL,NULL,3.3799999999999955,NULL,NULL,1,NULL,NULL,0.5630510995431862,NULL,NULL,1.3415892672858598,NULL,NULL,
137,01/05/2021,163.29,2.6299999999999955,NULL,NULL,95.71,1.0499999999999972,NULL,NULL,3.680000000000007,NULL,NULL,1,NULL,NULL,1.1092330445806013,NULL,NULL,1.4413285289049065,NULL,NULL,
138,01/06/2021,163.27,-0.01999999999998181,5.460000000000008,NULL,95.38,-0.3299999999999983,NULL,1.25,-0.35000000000002274,6.7099999999999795,NULL,0,3,NULL,-0.3447915578309459,1.327950706469776,NULL,-0.1351351351351439,2.6633325394935223,NULL,
139,01/07/2021,163.88,0.6099999999999852,NULL,NULL,95.79,0.4100000000000108,NULL,NULL,1.0200000000000387,NULL,NULL,0,NULL,NULL,0.429859509331108,NULL,NULL,0.3943553063986231,NULL,NULL,
140,01/08/2021,164.62,0.7400000000000091,NULL,NULL,96.08,0.28999999999999204,NULL,NULL,1.0299999999999727,NULL,NULL,0,NULL,NULL,0.30274558930994055,NULL,NULL,0.39665729579850295,NULL,NULL,
141,01/09/2021,164.44,-0.18000000000000682,1.1699999999999875,NULL,97.38,1.2999999999999972,NULL,2,1.1200000000000045,3.170000000000016,NULL,0,0,NULL,1.3530391340549512,2.0968756552736423,NULL,0.4296125815113174,1.2255944326309747,NULL,
142,01/10/2021,166.13,1.6899999999999977,NULL,NULL,97.74,0.35999999999999943,NULL,NULL,2.0500000000000114,NULL,NULL,1,NULL,NULL,0.36968576709796613,NULL,NULL,0.7829806737453257,NULL,NULL,
143,01/11/2021,165.75,-0.37999999999999545,NULL,NULL,96.85,-0.8900000000000006,NULL,NULL,-1.2699999999999818,NULL,NULL,0,NULL,NULL,-0.9105790873746682,NULL,NULL,-0.4812976086709295,NULL,NULL,
144,01/12/2021,166.25,0.5,1.8100000000000023,10.77000000000001,96.35,-0.5,4,-1.0300000000000011,0,0.7800000000000296,14.770000000000039,0,1,6,-0.5162622612287042,-1.0577120558636282,4.331348132106118,0,0.2979145978153042,5.959730460396255,
145,01/01/2022,167.39,1.1399999999999864,NULL,NULL,95.84,-0.5099999999999909,NULL,NULL,0.6299999999999955,NULL,NULL,0,NULL,NULL,-0.52932018681888,NULL,NULL,0.2399086062452382,NULL,NULL,
146,01/02/2022,168.36,0.9700000000000273,NULL,NULL,97.00,1.1599999999999966,NULL,NULL,2.1299999999999955,NULL,NULL,0,NULL,NULL,1.210350584307175,NULL,NULL,0.8091782851498671,NULL,NULL,
147,01/03/2022,168.37,0.009999999999990905,2.1200000000000045,NULL,95.53,-1.4699999999999989,NULL,-0.8199999999999932,-1.4600000000000364,1.2999999999999545,NULL,0,1,NULL,-1.515463917525772,-0.8510638297872269,NULL,-0.5501959602050183,0.4950495049504777,NULL,
148,01/04/2022,165.48,-2.890000000000015,NULL,NULL,92.15,-3.3799999999999955,NULL,NULL,-6.269999999999982,NULL,NULL,-1,NULL,NULL,-3.5381555532293474,NULL,NULL,-2.375899962106852,NULL,NULL,
149,01/05/2022,164.48,-1,NULL,NULL,92.34,0.18999999999999773,NULL,NULL,-0.8100000000000023,NULL,NULL,0,NULL,NULL,0.20618556701030682,NULL,NULL,-0.31440437837208485,NULL,NULL,
150,01/06/2022,163.29,-1.1899999999999977,-5.0800000000000125,NULL,90.70,-1.6400000000000006,NULL,-4.829999999999998,-2.829999999999984,-9.909999999999968,NULL,0,-3,NULL,-1.7760450508988526,-5.056003349733066,NULL,-1.1019391013160906,-3.7552103069344334,NULL,
151,01/07/2022,162.93,-0.3599999999999852,NULL,NULL,90.35,-0.3500000000000085,NULL,NULL,-0.710000000000008,NULL,NULL,0,NULL,NULL,-0.3858875413451031,NULL,NULL,-0.2795385645104169,NULL,NULL,
152,01/08/2022,161.56,-1.3700000000000045,NULL,NULL,89.25,-1.0999999999999943,NULL,NULL,-2.469999999999999,NULL,NULL,0,NULL,NULL,-1.217487548422794,NULL,NULL,-0.97520530638029,NULL,NULL,
153,01/09/2022,159.52,-2.039999999999992,-3.769999999999982,NULL,86.39,-2.8599999999999994,NULL,-4.310000000000002,-4.899999999999977,-8.079999999999984,NULL,-1,-2,NULL,-3.2044817927170866,-4.751929437706727,NULL,-1.9536701088473256,-3.181227607386111,NULL,
154,01/10/2022,158.59,-0.9300000000000068,NULL,NULL,88.26,1.8700000000000045,NULL,NULL,0.9399999999999977,NULL,NULL,0,NULL,NULL,2.1646023845352524,NULL,NULL,0.38225367004188426,NULL,NULL,
155,01/11/2022,161.28,2.6899999999999977,NULL,NULL,89.80,1.539999999999992,NULL,NULL,4.229999999999961,NULL,NULL,1,NULL,NULL,1.7448447767958213,NULL,NULL,1.7135912497467942,NULL,NULL,
156,01/12/2022,163.35,2.069999999999993,3.829999999999984,-2.9000000000000057,90.87,1.0700000000000074,-5.47999999999999,4.480000000000004,3.140000000000015,8.309999999999974,-8.380000000000024,1,2,-1,1.1915367483296297,5.185785391827762,-5.687597301504919,1.250597419149281,3.3792851043064425,-3.1911652703732,
157,01/01/2023,167.69,4.340000000000003,NULL,NULL,98.04,7.170000000000002,NULL,NULL,11.51000000000002,NULL,NULL,2,NULL,NULL,7.8903928689336436,NULL,NULL,4.527574541735512,NULL,NULL,1.71
158,01/02/2023,166.20,-1.490000000000009,NULL,NULL,95.69,-2.3500000000000085,NULL,NULL,-3.840000000000032,NULL,NULL,0,NULL,NULL,-2.3969808241534154,NULL,NULL,-1.4450758288488434,NULL,NULL,1.74
159,01/03/2023,167.37,1.170000000000016,4.02000000000001,NULL,98.30,2.6099999999999994,NULL,7.429999999999993,3.7800000000000296,11.450000000000017,NULL,0,2,NULL,2.7275577385306717,8.176515901837782,NULL,1.4433540799572453,4.5039729368263774,NULL,1.70
160,01/04/2023,168.36,0.9900000000000091,NULL,NULL,98.42,0.12000000000000455,NULL,NULL,1.1100000000000136,NULL,NULL,0,NULL,NULL,0.12207527975585408,NULL,NULL,0.417811570745667,NULL,NULL,1.71
161,01/05/2023,166.41,-1.950000000000017,NULL,NULL,96.98,-1.4399999999999977,NULL,NULL,-3.390000000000043,NULL,NULL,-1,NULL,NULL,-1.4631172525909346,NULL,NULL,-1.2707099482720003,NULL,NULL,1.72
162,01/06/2023,165.53,-0.8799999999999955,-1.8400000000000034,NULL,97.40,0.4200000000000017,NULL,-0.8999999999999915,-0.45999999999997954,-2.740000000000009,NULL,0,-1,NULL,0.4330789853578074,-0.9155645981688622,NULL,-0.1746459622612778,-1.0313546881469526,NULL,1.70
163,01/07/2023,166.80,1.2700000000000102,NULL,NULL,97.49,0.0899999999999892,NULL,NULL,1.3600000000000136,NULL,NULL,0,NULL,NULL,0.09240246406569733,NULL,NULL,0.5172479367131988,NULL,NULL,1.71
164,01/08/2023,165.95,-0.8500000000000227,NULL,NULL,95.40,-2.089999999999989,NULL,NULL,-2.9399999999999977,NULL,NULL,0,NULL,NULL,-2.14380962149963,NULL,NULL,-1.112414393280108,NULL,NULL,1.74
165,01/09/2023,164.71,-1.2399999999999807,-0.8199999999999932,NULL,93.96,-1.440000000000012,NULL,-3.440000000000012,-2.680000000000007,-4.259999999999991,NULL,0,0,NULL,-1.5094339622641635,-3.531827515400423,NULL,-1.025444805815958,-1.6202030958810294,NULL,1.75
166,01/10/2023,165.01,0.29999999999998295,NULL,NULL,93.79,-0.1699999999999875,NULL,NULL,0.12999999999999545,NULL,NULL,0,NULL,NULL,-0.1809280544912596,NULL,NULL,0.050257084315922,NULL,NULL,1.76
167,01/11/2023,167.63,2.6200000000000045,NULL,NULL,92.23,-1.5600000000000023,NULL,NULL,1.0600000000000023,NULL,NULL,1,NULL,NULL,-1.663290329459433,NULL,NULL,0.409582689335395,NULL,NULL,1.74
168,01/12/2023,171.14,3.509999999999991,6.429999999999978,7.789999999999992,100.65,8.420000000000002,9.780000000000001,6.690000000000012,11.92999999999995,13.119999999999948,17.569999999999965,2,3,4,9.129350536701725,7.120051085568341,10.762627930009906,4.590933579619776,5.072099586345516,6.911336637558006,1.70
169,01/01/2024,170.15,-0.9899999999999807,NULL,NULL,98.61,-2.0400000000000063,NULL,NULL,-3.0299999999999727,NULL,NULL,0,NULL,NULL,-2.026825633383017,NULL,NULL,-1.11483130357996,NULL,NULL,1.73
170,01/02/2024,170.15,0,NULL,NULL,98.94,0.3299999999999983,NULL,NULL,0.3300000000000409,NULL,NULL,0,NULL,NULL,0.33465165804684954,NULL,NULL,0.12278612888824264,NULL,NULL,1.72
171,01/03/2024,169.89,-0.2600000000000193,-1.25,NULL,98.63,-0.3100000000000023,NULL,-2.0200000000000102,-0.57000000000005,-3.269999999999982,NULL,0,0,NULL,-0.31332120477057035,-2.0069547938400496,NULL,-0.21182503994947788,-1.203134773170456,NULL,1.72
172,01/04/2024,169.35,-0.539999999999992,NULL,NULL,98.40,-0.22999999999998977,NULL,NULL,-0.7699999999999818,NULL,NULL,0,NULL,NULL,-0.23319476832605676,NULL,NULL,-0.2867570385818493,NULL,NULL,1.72
173,01/05/2024,170.44,1.0900000000000034,NULL,NULL,100.00,1.5999999999999943,NULL,NULL,2.6899999999999977,NULL,NULL,0,NULL,NULL,1.6260162601625958,NULL,NULL,1.0046685340802979,NULL,NULL,1.70
174,01/06/2024,169.94,-0.5,0.05000000000001137,NULL,99.39,-0.6099999999999994,NULL,0.7600000000000051,-1.1100000000000136,0.8100000000000023,NULL,0,0,NULL,-0.6099999999999994,0.7705566257730966,NULL,-0.4104422422718583,0.3016535081185768,NULL,1.71
175,01/07/2024,171.50,1.5600000000000023,NULL,NULL,101.89,2.5,NULL,NULL,4.060000000000002,NULL,NULL,0,NULL,NULL,2.515343595935205,NULL,NULL,1.5074443990643458,NULL,NULL,1.68
176,01/08/2024,173.94,2.4399999999999977,NULL,NULL,105.47,3.5799999999999983,NULL,NULL,6.019999999999982,NULL,NULL,1,NULL,NULL,3.5135930905878876,NULL,NULL,2.2019825158198847,NULL,NULL,1.65
177,01/09/2024,175.77,1.8300000000000125,5.8300000000000125,NULL,106.99,1.519999999999996,NULL,7.599999999999994,3.3500000000000227,13.430000000000007,NULL,1,3,NULL,1.4411681046743112,7.646644531643017,NULL,1.1989549407680553,4.98644785207738,NULL,1.64
178,01/10/2024,173.75,-2.0200000000000102,NULL,NULL,104.52,-2.469999999999999,NULL,NULL,-4.490000000000009,NULL,NULL,-1,NULL,NULL,-2.3086269744835954,NULL,NULL,-1.587919083321548,NULL,NULL,1.66
179,01/11/2024,172.69,-1.0600000000000023,NULL,NULL,104.08,-0.4399999999999977,NULL,NULL,-1.5,NULL,NULL,0,NULL,NULL,-0.4209720627631054,NULL,NULL,-0.5390448125920868,NULL,NULL,1.66
180,01/12/2024,171.59,-1.0999999999999943,-4.180000000000007,0.45000000000001705,102.03,-2.049999999999997,1.3799999999999955,-4.959999999999994,-3.1499999999999773,-9.139999999999986,1.830000000000041,0,-2,0,-1.969638739431204,-4.635947284792966,1.371087928464973,-1.1381291324926754,-3.2324232564719146,0.6733139556275217,1.68
184,01/01/2025,172.28,0.6899999999999977,NULL,NULL,103.89,1.8599999999999994,NULL,NULL,2.5500000000000114,NULL,NULL,0,NULL,NULL,1.8229932372831512,NULL,NULL,0.9319494189021312,NULL,NULL,1.66
185,01/02/2025,173.46,1.1800000000000068,NULL,NULL,105.03,1.1400000000000006,NULL,NULL,2.319999999999993,NULL,NULL,0,NULL,NULL,1.09731446722495,NULL,NULL,0.8400622804794123,NULL,NULL,1.65
187,01/03/2025,176.21,2.75,4.6200000000000045,NULL,106.05,1.019999999999996,NULL,4.019999999999996,3.769999999999982,8.639999999999986,NULL,1,2,NULL,0.9711510996858002,3.940017641870034,NULL,1.3537290387446521,3.157663913456614,NULL,1.66
188,01/04/2025,180.18,3.969999999999999,NULL,NULL,108.57,2.519999999999996,NULL,NULL,6.490000000000009,NULL,NULL,2,NULL,NULL,2.3762376237623726,NULL,NULL,2.2992985190958724,NULL,NULL,1.66
189,01/05/2025,181.01,0.8299999999999841,NULL,NULL,107.76,-0.8099999999999881,NULL,NULL,0.01999999999998181,NULL,NULL,0,NULL,NULL,-0.7460624481900968,NULL,NULL,0.006926406926400627,NULL,NULL,1.68
190,01/06/2025,183.87,2.8600000000000136,7.659999999999997,NULL,109.73,1.9699999999999989,NULL,3.680000000000007,4.830000000000041,11.340000000000032,NULL,1,4,NULL,1.8281365998515209,3.4700612918434763,NULL,1.672611420853981,4.017572450931777,NULL,1.68
191,01/07/2025,183.02,-0.8499999999999943,NULL,NULL,109.89,0.1599999999999966,NULL,NULL,-0.6899999999999977,NULL,NULL,0,NULL,NULL,0.14581244873780788,NULL,NULL,-0.23501362397820086,NULL,NULL,1.67
193,01/08/2025,185.08,2.0600000000000023,NULL,NULL,109.66,-0.23000000000000398,NULL,NULL,1.829999999999984,NULL,NULL,1,NULL,NULL,-0.2093002093002129,NULL,NULL,0.6247652862654002,NULL,NULL,1.69
194,01/09/2025,184.75,-0.3300000000000125,0.8799999999999955,5.108949194970694,109.71,0.04999999999999716,2.542293672305822,-0.020000000000010232,-0.28000000000002956,0.8599999999999568,4.137784693733197,0,0,5,0.04559547692868608,-0.0182265560922357,2.542293672305822,-0.09499898215377267,0.2929155313351351,4.137784693733197,1.68
